,AA,AC,AG,AU,CC,CG,CU,GG,GU,UU,total_confusion_matrix
Neither Precision,0.9923789154506322,0.9932874085091393,0.989534742222042,0.9896886525000628,0.9910602297041391,0.9869579672286868,0.988968024923438,0.984941330828525,0.989145116702243,0.9861750127803338,0.9891398920361306
Neither Recall,0.9639461954163544,0.9674498691132742,0.9749956286063998,0.9813423553410617,0.9469843843632134,0.9567535463197006,0.9635333367727734,0.9542870762941401,0.9663598944302378,0.9664553791195626,0.9646659240027743
Neither F1,0.9779559385567643,0.9801984022247829,0.9822113848143759,0.9854978327941342,0.968521111104435,0.9716210750747521,0.9760850155702184,0.9693719207756618,0.977619760737915,0.9762156215621561,0.9767496238224302
BasePair Precision,0.5055478502080444,0.28534217381008764,0.5377955377955378,0.8503492346559667,0.14775725593667546,0.7293318233295584,0.23298429319371727,0.20752984389348025,0.5826822916666666,0.5479041916167665,0.5817713780065964
BasePair Recall,0.6942857142857143,0.650296815974096,0.7428702851885924,0.8495916852264291,0.4,0.8701582807875434,0.4232336956521739,0.2511111111111111,0.7023280146481821,0.4867021276595745,0.7542171815930127
BasePair F1,0.5850722311396468,0.39664252797893357,0.6239134633957891,0.8499702911467617,0.2157996146435453,0.7935455478949685,0.30053063193439455,0.22724987430869784,0.6369351203890404,0.515492957746479,0.6568648599552674
BaseStack Precision,0.6145354185832567,0.5411163187047294,0.6526972804279982,0.6024539877300613,0.31037540644398465,0.39080459770114945,0.42867737948084056,0.3786646002841276,0.46112178927136116,0.33721545791424035,0.4790632355559072
BaseStack Recall,0.9155701754385965,0.8552188552188552,0.8064634594197576,0.877961555654895,0.8261211644374509,0.7461346633416459,0.7686170212765957,0.7691500524658972,0.8407136030582988,0.7181510710259301,0.8161477288044211
BaseStack F1,0.7354398326544093,0.662839248434238,0.7214784394250514,0.7145715845006366,0.45122475290073055,0.5129435967769587,0.5503888271702905,0.5074859368238857,0.5955766192733017,0.4589337175792507,0.6037416025824786
