,AA,AC,AG,AU,CC,CG,CU,GG,GU,UU
Neither Precision,0.8861788617886179,0.9204545454545454,0.9213483146067416,0.9274193548387096,0.9532374100719424,0.8967391304347826,0.906934306569343,0.8856447688564477,0.8682795698924731,0.9692307692307692
Neither Recall,0.9790419161676647,0.9700598802395209,0.9820359281437125,0.9801136363636364,0.9869646182495344,0.9880239520958084,0.9920159680638723,0.9732620320855615,0.9670658682634731,0.9869451697127938
Neither F1,0.9302987197724041,0.9446064139941691,0.9507246376811593,0.9530386740331491,0.969807868252516,0.9401709401709402,0.9475691134413727,0.927388535031847,0.915014164305949,0.9780077619663649
BasePair Precision,0.996969696969697,0.9908256880733946,1.0,1.0,1.0,1.0,1.0,0.9929078014184397,0.9969512195121951,1.0
BasePair Recall,0.987987987987988,0.972972972972973,0.990990990990991,0.9943019943019943,0.9928825622775801,0.993993993993994,0.9816849816849816,0.9556313993174061,0.9819819819819819,0.9637681159420289
BasePair F1,0.9924585218702866,0.9818181818181818,0.9954751131221719,0.9971428571428572,0.9964285714285714,0.996987951807229,0.9907578558225507,0.9739130434782608,0.9894099848714071,0.981549815498155
BaseStack Precision,0.9800664451827242,0.9781931464174455,0.9777070063694268,0.974910394265233,0.9575757575757575,0.9867109634551495,0.9782608695652174,0.9576547231270358,0.9666666666666667,0.8850574712643678
BaseStack Recall,0.8858858858858859,0.9429429429429429,0.9219219219219219,0.9158249158249159,0.8681318681318682,0.8918918918918919,0.7964601769911505,0.8828828828828829,0.8708708708708709,0.8020833333333334
BaseStack F1,0.9305993690851735,0.9602446483180428,0.9489953632148378,0.9444444444444443,0.9106628242074928,0.9369085173501577,0.8780487804878049,0.91875,0.9162717219589257,0.8415300546448087
