,basepairtype,Neither Precision,Neither Recall,Neither F1,BasePair Precision,BasePair Recall,BasePair F1,BaseStack Precision,BaseStack Recall,BaseStack F1,Number of Train BaseStacks,Number of Train BasePairs,Number of Train Neither
0,AA,0.8861788617886179,0.9790419161676648,0.930298719772404,0.996969696969697,0.987987987987988,0.9924585218702866,0.9800664451827242,0.8858858858858859,0.9305993690851736,424,419,24321
1,AC,0.9204545454545454,0.9700598802395208,0.9446064139941692,0.9908256880733946,0.972972972972973,0.9818181818181818,0.9781931464174456,0.9429429429429428,0.9602446483180428,512,556,48769
2,AG,0.9213483146067416,0.9820359281437124,0.9507246376811592,1.0,0.990990990990991,0.995475113122172,0.9777070063694268,0.921921921921922,0.9489953632148378,729,1495,57795
3,AU,0.9274193548387096,0.9801136363636364,0.9530386740331492,1.0,0.9943019943019944,0.9971428571428572,0.974910394265233,0.915824915824916,0.9444444444444444,297,2176,34525
4,CC,0.9532374100719424,0.9869646182495344,0.969807868252516,1.0,0.99288256227758,0.9964285714285714,0.9575757575757576,0.8681318681318682,0.9106628242074928,182,281,22615
5,CG,0.8967391304347826,0.9880239520958084,0.9401709401709402,1.0,0.993993993993994,0.996987951807229,0.9867109634551496,0.8918918918918919,0.9369085173501576,345,4395,55992
6,CU,0.906934306569343,0.9920159680638724,0.9475691134413728,1.0,0.9816849816849816,0.9907578558225508,0.9782608695652174,0.7964601769911505,0.8780487804878049,226,273,34293
7,GG,0.8856447688564477,0.9732620320855616,0.927388535031847,0.9929078014184396,0.955631399317406,0.9739130434782608,0.9576547231270358,0.8828828828828829,0.91875,409,293,33540
8,GU,0.8682795698924731,0.9670658682634732,0.915014164305949,0.9969512195121952,0.981981981981982,0.9894099848714072,0.9666666666666668,0.8708708708708709,0.9162717219589256,349,961,41700
9,UU,0.9692307692307692,0.9869451697127938,0.9780077619663649,1.0,0.9637681159420288,0.981549815498155,0.8850574712643678,0.8020833333333334,0.8415300546448087,96,138,12608
