BasePairType,jaccardindex,precision,recall
AA,0.6585365853658537,0.826530612244898,0.7641509433962265
AC,0.6862745098039216,0.8333333333333334,0.7954545454545454
AG,0.7142857142857143,0.8441558441558441,0.8227848101265823
AU,0.6071428571428571,0.796875,0.7183098591549296
CA,0.6,0.7714285714285715,0.7297297297297297
CC,0.625,0.7575757575757576,0.78125
CG,0.5752895752895753,0.7525252525252525,0.7095238095238096
CU,0.7435897435897436,0.8529411764705882,0.8529411764705882
GA,0.6513761467889908,0.8658536585365854,0.7244897959183674
GC,0.6286764705882353,0.7276595744680852,0.8221153846153846
GG,0.625,0.7619047619047619,0.7766990291262136
GU,0.6559139784946236,0.7530864197530864,0.8356164383561644
UA,0.6582278481012658,0.7222222222222222,0.8813559322033898
UC,0.6086956521739131,0.7777777777777778,0.7368421052631579
UG,0.5942028985507246,0.7592592592592593,0.7321428571428571
UU,0.5333333333333333,0.6666666666666666,0.7272727272727273
