bp,jaccardindex,precision,recall
AA,0.6428571428571429,0.9,0.6923076923076923
AC,0.4642857142857143,0.6341463414634146,0.6341463414634146
AG,0.5611510791366906,0.78,0.6666666666666666
AU,0.6474820143884892,0.72,0.8653846153846154
CC,0.4,0.42857142857142855,0.8571428571428571
CG,0.8578431372549019,0.8838383838383839,0.9668508287292817
CU,0.3888888888888889,0.5,0.6363636363636364
GG,0.43902439024390244,0.5294117647058824,0.72
GU,0.7471264367816092,0.8783783783783784,0.8333333333333334
UU,0.7857142857142857,0.9166666666666666,0.8461538461538461
