bp,jaccardindex,precision,recall
AA,0.6666666666666666,0.9473684210526315,0.6923076923076923
AC,0.4727272727272727,0.65,0.6341463414634146
AG,0.582089552238806,0.8210526315789474,0.6666666666666666
AU,0.782608695652174,0.8737864077669902,0.8823529411764706
CC,0.4,0.42857142857142855,0.8571428571428571
CG,0.9186351706036745,0.948509485094851,0.9668508287292817
CU,0.3888888888888889,0.5,0.6363636363636364
GG,0.5142857142857142,0.6428571428571429,0.72
GU,0.7738095238095238,0.9154929577464789,0.8333333333333334
UU,0.7857142857142857,0.9166666666666666,0.8461538461538461
