,AA,AC,AG,AU,CC,CG,CU,GG,GU,UU,total_confusion_matrix
Neither Precision,0.9822278158330361,0.9636815739198671,0.9561897569958404,0.9736600413832598,0.9153052855971264,0.904624237697606,0.9174461441542612,0.9136163910629868,0.9249600253026655,0.9348583448366529,0.934646972787761
Neither Recall,0.9806948107299074,0.9700005498982688,0.9801718695149566,0.984574999863423,0.9418032666382441,0.9571275503520642,0.9649336338953266,0.9520729492809665,0.9668759344498363,0.9826573619843847,0.9663602035422351
Neither F1,0.9814607146576099,0.9668307371879248,0.9680323023282541,0.9790871013130661,0.928365234125926,0.9301355703529616,0.9405908968054224,0.9324483268907046,0.9454536310962796,0.9581620966111971,0.9502390628603571
BasePair Precision,0.6816260162601626,0.3363597325317465,0.7092897697586122,0.904739927078045,0.35149659438855213,0.7997353142076503,0.3258772394784268,0.5018275775144946,0.7028131092749048,0.6073490813648293,0.6811487672630733
BasePair Recall,0.42937621632694867,0.2010929362576102,0.3838888469949476,0.6837699257037217,0.1562109472631842,0.4479355343938117,0.07757141415160997,0.12211879092735442,0.2574742355702187,0.12386254148378117,0.3182387497676824
BasePair F1,0.5268648274995287,0.2517042715817017,0.4981590889630962,0.7788858868404323,0.21629623932938552,0.574237773920507,0.12531338537738734,0.19643539932161577,0.3768794185004481,0.20576204872843679,0.43380156026689215
BaseStack Precision,0.7733002202333537,0.5417637812347553,0.709895379250218,0.6679251909737466,0.23583662714097497,0.29175927749486535,0.3593371811580711,0.3186845381967333,0.40111296153377474,0.49923524013459775,0.45686365968561965
BaseStack Recall,0.9518398892605837,0.8752955600315264,0.8609569125033043,0.895889765634201,0.7131474103585658,0.7517761345512541,0.7741676694745286,0.7993263931414575,0.8207962762862605,0.6546329723225031,0.836488944684994
BaseStack F1,0.8533312650275343,0.669278157225124,0.7781627045753197,0.7652917505030181,0.35445544554455444,0.42037416137989736,0.4908443540183113,0.45568957391471315,0.5388813096862209,0.5664699757028809,0.5909624324625999
