,AA,AC,AG,AU,CC,CG,CU,GG,GU,UU,total_confusion_matrix
Neither Precision,0.9922942774871233,0.9929331351006931,0.990242319122823,0.992087624103348,0.9868206039076377,0.987845175121758,0.9887600247837963,0.9866745544627671,0.9891364709148965,0.9885618389383267,0.9895400928055811
Neither Recall,0.9651295806871524,0.9802208554654739,0.9754652411760297,0.9794185448695624,0.9792026507807818,0.9758744365714075,0.9742471925570517,0.96372001646792,0.9742981388543219,0.9751682676599359,0.9746166995034586
Neither F1,0.9785234362502,0.9865360450951366,0.9827982372912069,0.9857123781546268,0.982996868309772,0.9818233193287043,0.9814499608036762,0.9750622074605105,0.9816612357654125,0.9818193780428967,0.9820217032090987
BasePair Precision,0.4871447902571042,0.42530120481927713,0.5806138306138307,0.8010122535961641,0.2604529616724739,0.8852823768078005,0.32960199004975127,0.3510226644555003,0.658187984496124,0.6638655462184874,0.7012356468331998
BasePair Recall,0.6857142857142857,0.5715056664867783,0.687442502299908,0.8929472902746844,0.3051020408163265,0.8704156479217604,0.360054347826087,0.3527777777777778,0.7106984043944546,0.5252659574468085,0.753122148350932
BasePair F1,0.5696202531645569,0.48768132627216215,0.6295282224094356,0.8444850101804395,0.281015037593985,0.8777860688446939,0.34415584415584416,0.3518980326960377,0.683436045780405,0.5864884929472902,0.7262533313219691
BaseStack Precision,0.6331572991324028,0.6051057957681693,0.6259661993973537,0.6424766977363515,0.45284090909090907,0.47124438649862377,0.4724327149203031,0.4255410022779043,0.5177008750994431,0.4249699879951981,0.5345521023765997
BaseStack Recall,0.9202302631578947,0.8858585858585859,0.8773411678295997,0.8627626285203397,0.6270653029110936,0.8112219451371571,0.8014184397163121,0.784102833158447,0.8292449824784963,0.798196166854566,0.8375117940423238
BaseStack F1,0.750167597765363,0.719048920470074,0.7306368988454776,0.7365006678114863,0.5258990432200594,0.5961697058554017,0.5944435311523919,0.5516795865633075,0.6374433696583813,0.554641598119859,0.6525843168659989
