,AA,AC,AG,AU,CC,CG,CU,GG,GU,UU,total_confusion_matrix
Neither Precision,0.9997189037245257,0.9995744982625345,0.998972837251769,,1.0,0.9958582044097941,0.9970439591875656,0.9998248993171074,0.9997943021701121,0.9978136102760317,0.9984818039741014
Neither Recall,0.8916886047386235,0.8748681025386382,0.917890100671141,0.0,0.6473262032085562,0.8856508314825849,0.9233486400565172,0.5156687437912039,0.7069818181818182,0.8787003610108304,0.7402833874064755
Neither F1,0.942618605883912,0.9330729511452402,0.9567165810471089,,0.7859113780230481,0.9375268786375756,0.9587822658291688,0.6804099142040038,0.8282707791931155,0.9344765804965446,0.8502119731564037
BasePair Precision,0.23817292006525284,0.15825491873396064,0.507201646090535,,0.03958762886597938,0.5154562383612663,0.05894308943089431,0.021449396084964597,0.09209039548022599,0.10555555555555556,0.1611965811965812
BasePair Recall,0.9798657718120806,0.9685863874345549,0.9685658153241651,0.0,1.0,0.9466484268125855,0.651685393258427,1.0,0.9819277108433735,0.8636363636363636,0.7702150830383883
BasePair F1,0.38320209973753283,0.27205882352941174,0.6657663740715732,,0.07616025386751289,0.6674704605739088,0.10810810810810811,0.0419979612640163,0.1683884297520661,0.18811881188118815,0.2665975592517552
BaseStack Precision,0.30675909878682844,0.1231945624468989,0.17086193745232647,0.007452907452907453,0.11461318051575932,0.12140575079872204,0.36363636363636365,0.14612452350698857,0.11493018259935553,0.1689497716894977,0.05693911728161634
BaseStack Recall,0.9888268156424581,1.0,0.9911504424778761,1.0,1.0,0.957983193277311,0.057971014492753624,0.9274193548387096,0.9553571428571429,0.9487179487179487,0.9213286713286714
BaseStack F1,0.4682539682539683,0.21936459909228442,0.291476903057905,0.014795545077635964,0.20565552699228792,0.21550094517958412,0.1,0.252469813391877,0.20517737296260785,0.2868217054263566,0.1072500635970491
