,AA,AC,AG,AU,CC,CG,CU,GG,GU,UU,total_confusion_matrix
Neither Precision,0.9879659398853532,0.966616902598472,0.959384562850501,,0.9579464562055091,0.9145272658825258,0.9177124724515159,0.9658064237236847,0.9416294474596714,0.9449016393442623,0.9458082467833661
Neither Recall,0.9235436067568162,0.8998118681377278,0.9393094615672453,0.0,0.6552358830361212,0.8921146355472306,0.9386728699589248,0.5328241101938886,0.7342121600623028,0.8850042608074806,0.7623772226119351
Neither F1,0.9546691818279597,0.9320188099731865,0.9492408840791297,,0.7781896402711891,0.9031819286989078,0.9280743395599439,0.6867669338017346,0.8250848857010166,0.9139726548718172,0.8442439971830729
BasePair Precision,0.2641557385381722,0.15006803024557802,0.5017443194858848,,0.18279734871731926,0.573325339512826,0.13762230264039674,0.15425901997813338,0.1991998036002203,0.1842017646079574,0.2561803072342769
BasePair Recall,0.5323158865102939,0.24675419936917772,0.4121295528240706,0.0,0.6617234580243828,0.508772559076535,0.12955486019985868,0.6902326437345684,0.5105608652766913,0.23691253613103522,0.45473645083351516
BasePair F1,0.3530930461663892,0.18663226951830122,0.4525431096942472,,0.2864613701528604,0.5391234943670403,0.13346678278502075,0.25216261037156557,0.28658568598907,0.20725825333645517,0.32773041952696746
BaseStack Precision,0.7129969225580709,0.3031958558609562,0.44171741149757454,0.021056207749954124,0.205068870523416,0.21222348582119666,0.7777777777777778,0.2621449078271381,0.26169904609698846,0.26160703231397797,0.1453071834338537
BaseStack Recall,0.975487368785327,0.9379980733864611,0.9427702881311129,1.0,0.7414342629482071,0.8387704799188053,0.029950528145473995,0.8499081445192896,0.8710830354916466,0.847573204973927,0.849768987044486
BaseStack F1,0.8238388660220658,0.4582638086681214,0.6015771052668568,0.04124397381874704,0.32127751402675875,0.3387398992856307,0.05767992790009013,0.4006986748274966,0.4024809416825086,0.39981078524124886,0.24817705767693485
