,AA,AC,AG,AU,CC,CG,CU,GG,GU,UU
Basepair Precision,0.5808345029985964,0.18883854227179428,0.3989308706315144,0.7152941176470589,0.06878539777562578,0.4617770229643773,0.09814212238899969,0.08926012519797873,0.26418639609169486,0.15026991296683925
Basepair Recall,0.7026860142019141,0.7713969308653694,0.9606884141558621,0.9905651201245015,0.5481758652946679,0.9225905709287867,0.7110266159695817,0.4545803725753793,0.8348224383623615,0.8378378378378378
Basestack Precision,0.9521774286704401,0.8681443840897144,0.9067531207269198,0.8669340568597381,0.6180327868852459,0.7970895434808121,0.7893223819301848,0.8128219805380652,0.7849874895746456,0.7611401043757527
Basestack Recall,0.9985463355542096,0.9994956626992132,0.9986883015934707,0.9980986011136765,0.9556400506970849,0.9972103949493466,0.9707070707070707,0.9846068506448481,0.9956627525653232,0.9989462592202318
Neither Precision,0.9911583528488629,0.9894597668515211,0.9891265497525985,0.9890185180089701,0.992630960645058,0.9931591023066905,0.992545590612027,0.99395660357898,0.9894655871501024,0.9945060054242542
Neither Recall,0.9893376504881023,0.9918041344748382,0.9892306932391891,0.9926457186096735,0.9910609561044962,0.9859093031058982,0.9847035265324285,0.9767114089708425,0.9860240060432718,0.9906906373748524
Basepair F1,0.635976248690185,0.30340364631945743,0.5637582075407839,0.8307196606643963,0.12223294136051939,0.615488442719757,0.17247740269323006,0.14921985815602837,0.4013593420784341,0.2548341896310135
Basestack F1,0.9748107852412486,0.9292010502625657,0.9505028320425385,0.9279040404040404,0.7506222000995519,0.8859900860944431,0.8706681766704417,0.8905054559137087,0.8778622394254536,0.8639781271360218
Neither F1,0.9902471647677565,0.9906305636547278,0.9891786187547646,0.9908287987297597,0.9918453370801504,0.9895209238352083,0.9886090071759734,0.9852585504560777,0.9877417987371804,0.9925946550037317
