,AA,AC,AG,AU,CC,CG,CU,GG,GU,UU
Basepair Precision,0.5779898218829517,0.18906896685104244,0.39111884900895383,0.70982236888296,0.06648483782040002,0.43714776843268466,0.06505807339206815,0.0836734693877551,0.26412262836316863,0.14897824653922215
Basepair Recall,0.7047781569965871,0.7757498809712744,0.9634290023092511,0.991030730774886,0.5426041168022977,0.9418915343915344,0.5731934731934732,0.4560580989152418,0.8394276629570747,0.8501567398119122
Basestack Precision,0.9488793900184843,0.8668068699614441,0.8997531299594428,0.8585763192067052,0.6211904274902843,0.7740667976424361,0.7808813559322034,0.7929383974637907,0.7888777888777889,0.76756322761943
Basestack Recall,0.998419741080654,0.9992928578644308,0.9993145319232276,0.9972576443164678,0.95864898989899,0.9952287398259894,0.9822616407982262,0.9813062543272559,0.9979989468141127,0.9989550679205852
Neither Precision,0.99118103741084,0.9909753569454641,0.9907624515401973,0.9901728348882239,0.9924237255454532,0.9952367931068522,0.9936031048344828,0.9942272305504151,0.9911004955977939,0.9946995644963811
Neither Recall,0.9896124343964473,0.9918417995120549,0.9903227229783744,0.9930762631682026,0.9911124541180444,0.9867013587742122,0.9846495413464628,0.9783852587361792,0.9849610406455857,0.9906539170969261
Basepair F1,0.6351181322522018,0.30403682279032157,0.5563705145127709,0.8271799382274132,0.11845542898944506,0.5971487274099543,0.11685318506902367,0.14140348876980963,0.40181556274291313,0.2535290268299523
Basestack F1,0.973019398785725,0.9283468631223312,0.9469240048250904,0.9227353463587923,0.7538786148690579,0.8708251473477407,0.8700710077050915,0.8771230145086983,0.8812014692890688,0.8681044267877412
Neither F1,0.9903961148102657,0.991408388921662,0.9905425384574446,0.9916224237541402,0.9917676564056349,0.9909506965478206,0.9891060611943776,0.9862426315230503,0.9880212307397767,0.9926726187944428
