,AA,AC,AG,AU,CC,CG,CU,GG,GU,UU,total_confusion_matrix
Neither Precision,0.9831467659197286,0.9632821226313417,0.9572270794395454,0.9743852764057108,0.9085282727830672,0.9024743576948522,0.9168693156127047,0.908296422351753,0.9239911346747208,0.9390944274144578,0.9329842708445508
Neither Recall,0.9809749440733789,0.9829631518169138,0.9812622881045362,0.9833840489054724,0.9836697490480881,0.9820637040802274,0.9784469203198632,0.9728586565094594,0.9763260463083032,0.985451837521208,0.9802455333708029
Neither F1,0.982059654253721,0.973023126922192,0.9690956782460778,0.9788639814891601,0.9446070313790431,0.9405883898364154,0.9466578095930469,0.939469634472032,0.9494379363283271,0.9617148165907456,0.9560311701036452
BasePair Precision,0.673037037037037,0.47608843868705564,0.741440591904831,0.8491160290597572,0.45779483037156704,0.9436890373197625,0.47406978985926357,0.5822769953051643,0.7552104617899469,0.6640548481880509,0.7990224563499606
BasePair Recall,0.46532828024172895,0.17927088681874861,0.38539702888168315,0.7052914297673445,0.06295648310144686,0.4256678801790977,0.06205208438477844,0.07608078887236033,0.25142001972722017,0.14516647039931485,0.29722107746882903
BasePair F1,0.5502331496396777,0.26046412490341836,0.5071697925970031,0.7705499028238253,0.11069065696638264,0.5866959985828399,0.10974004239651902,0.13457756317224354,0.37724871775243063,0.23825002196257578,0.43327291440586496
BaseStack Precision,0.7858680572166674,0.6122423717274247,0.7125650246133436,0.7297812562713225,0.38210870659285356,0.3961568539827952,0.41300917957544464,0.4076701821668265,0.46405484818805093,0.5687091017251636,0.5436635726463346
BaseStack Recall,0.9474564540316068,0.8662755057360539,0.8991981672394044,0.8565539983511954,0.6049800796812749,0.7712048716833406,0.770022730311539,0.7811390079608084,0.7876319507937827,0.7669474528680305,0.8333546838837506
BaseStack F1,0.8591302528699563,0.7174354511169132,0.7950760600689507,0.7881020750934605,0.4683837137569402,0.5234334637242601,0.5376464547449004,0.5357412851742965,0.5840189824658716,0.6531169940222031,0.6580371503039663
