,AA,AC,AG,AU,CC,CG,CU,GG,GU,UU
BasePair precision,0.5678913738019169,0.5530458590006845,0.824327143751304,0.9071106659989985,0.763901549680948,0.9780267662620604,0.5889487870619946,0.8179691155825924,0.8711462450592885,0.7327823691460055
BasePair recall,0.2073490813648294,0.07418288652221815,0.2048848786558805,0.4467875200394623,0.05898915951006617,0.29038756537971055,0.02872354410411463,0.06696291756052712,0.1503000545553737,0.07125636217519421
BasePair f1,0.3037812433240761,0.1308184246741682,0.32819703451426674,0.5986945385441627,0.10952100895249298,0.44781394288320125,0.05477563299072449,0.12379165043730746,0.2563685006397581,0.1298828125
Neither precision,0.9384105806870034,0.9050131238158147,0.8915716387407718,0.920285043323346,0.8207299232273015,0.8070406026394904,0.8241755689735253,0.8132880150123218,0.8292414836971701,0.847603984097807
Neither recall,0.9467215030144412,0.9740785781103836,0.9635115788867866,0.9692291947396251,0.9843483121642185,0.9781204120328818,0.9732479534890098,0.9711575669765391,0.9691175386688848,0.9755473554735548
Neither f1,0.9425477218002256,0.9382766108903486,0.9261466970009197,0.9441232180241252,0.8951236559519355,0.8843828431082759,0.8925299750391389,0.8852394467868686,0.8937397434528029,0.9070863259984446
BaseStack precision,0.01693443334780721,0.013787820758330141,0.01984207329418911,0.015453960077269801,0.017227235438884332,0.009828009828009828,0.012001714530647235,0.0064316341114816575,0.020881006864988557,0.018363939899833055
BaseStack recall,0.07722772277227723,0.026905829596412557,0.05889423076923077,0.04316546762589928,0.022128556375131718,0.019154030327214685,0.026615969581749048,0.014991671293725709,0.05551330798479087,0.037037037037037035
BaseStack f1,0.027777777777777776,0.01823246391491517,0.02968347720733,0.02275960170697013,0.01937269372693727,0.012990527740189444,0.01654357459379616,0.009001500250041674,0.03034712118062773,0.024553571428571428
