,AA,AC,AG,AU,CC,CG,CU,GG,GU,UU,total_confusion_matrix
Neither Precision,0.998324958123953,0.9960036932358808,0.9952610925045392,,0.9977316225987098,0.9897775227377754,0.9898521231854566,0.9965404345002187,0.9953203014168064,0.9943297799954638,0.9940903976564321
Neither Recall,0.9090502675765585,0.8978702315297227,0.9338146029525641,0.0,0.6615202039785212,0.8973696690101612,0.9410565959861734,0.5430224411524655,0.7387558630875053,0.859439325622427,0.7524075199322396
Neither F1,0.9515983620659991,0.9443945079510407,0.9635592259235202,,0.7955629349630835,0.9413111302147223,0.9648378096031527,0.7029837209084873,0.848058145741107,0.9219768664563618,0.856526747792306
BasePair Precision,0.17474185861795075,0.10803578894556401,0.3422717686050015,,0.031192934073715203,0.49268698863224963,0.05295315682281059,0.023500879575071305,0.09090909090909091,0.1297709923664122,0.13598489883816767
BasePair Recall,0.8380952380952381,0.6972477064220184,0.7838086476540939,0.0,0.8540816326530613,0.8756273323896538,0.33559782608695654,0.7644444444444445,0.8286685848809835,0.6781914893617021,0.6667709555468648
BasePair F1,0.28918830101873155,0.1870836953373878,0.4764767563788886,,0.06018768201919966,0.6305717727736075,0.09147301175817053,0.04559990720949114,0.1638437071707481,0.21785561725758223,0.22589877219326915
BaseStack Precision,0.5528392387436175,0.3392665153506152,0.41681016810168103,0.017265331954370744,0.26556016597510373,0.2807994757536042,0.5681818181818182,0.3196941106366074,0.2973303444059507,0.20726441452882904,0.12840611220612438
BaseStack Recall,0.9794407894736842,0.9562289562289562,0.9333455747337496,1.0,0.8560188827694729,0.854862842892768,0.03324468085106383,0.8444386149003148,0.929595412551768,0.9199549041713642,0.8517657366221862
BaseStack F1,0.7067550192859262,0.5008376686359227,0.576271186440678,0.03394459913659021,0.40536512667660207,0.4227401652484893,0.06281407035175879,0.46379943808082985,0.4505519956766772,0.3383084577114428,0.22316887978528038
