,AA,AC,AG,AU,CC,CG,CU,GG,GU,UU
Basepair Precision,0.978978978978979,0.972972972972973,1.0,0.9944598337950139,0.9893617021276596,0.9851190476190477,0.9630996309963099,0.9553264604810997,0.975975975975976,0.9565217391304348
Basepair Recall,1.0,1.0,1.0,1.0,1.0,1.0,0.9923954372623575,0.9893238434163701,1.0,1.0
Basestack Precision,0.984984984984985,0.972972972972973,0.963963963963964,0.9566787003610109,0.8947368421052632,0.9146341463414634,0.8935185185185185,0.9216867469879518,0.9126506024096386,0.8478260869565217
Basestack Recall,1.0,1.0,1.0,0.9962406015037594,1.0,1.0,0.9897435897435898,0.996742671009772,0.9967105263157895,1.0
Neither Precision,1.0,0.9938837920489296,0.9908814589665653,0.9971830985915493,0.992818671454219,1.0,0.996039603960396,0.9972222222222222,0.9969230769230769,0.9960369881109643
Neither Recall,0.9670658682634731,0.9789156626506024,0.9848942598187311,0.9833333333333333,0.9839857651245552,0.9791666666666666,0.9921104536489151,0.9650537634408602,0.972972972972973,0.9830508474576272
Basepair F1,0.9893778452200305,0.9863013698630138,1.0,0.9972222222222222,0.9946524064171123,0.9925037481259371,0.9775280898876405,0.9720279720279721,0.9878419452887537,0.9777777777777777
Basestack F1,0.9924357034795764,0.9863013698630138,0.9816513761467891,0.9760589318600369,0.9444444444444444,0.9554140127388536,0.9391727493917273,0.9577464788732396,0.9528301886792452,0.9176470588235294
Neither F1,0.9832572298325724,0.9863429438543247,0.9878787878787878,0.9902097902097902,0.9883824843610366,0.9894736842105264,0.9940711462450592,0.9808743169398907,0.9848024316109424,0.9895013123359581
