,AA,AC,AG,AU,CC,CG,CU,GG,GU,UU,total_confusion_matrix
Neither Precision,0.9641791044776119,0.9475218658892128,0.9644970414201184,0.9619565217391305,0.9667832167832168,0.9088397790055248,0.9384328358208955,0.9020100502512562,0.8975069252077562,0.9741602067183462,0.9459767494871211
Neither Recall,0.9670658682634731,0.9730538922155688,0.9760479041916168,0.9806094182825484,0.9770318021201413,0.9791666666666666,0.9882121807465619,0.9624664879356568,0.9700598802395209,0.9792207792207792,0.9762408844977652
Neither F1,0.9656203288490285,0.9601181683899557,0.9702380952380952,0.9711934156378602,0.9718804920913884,0.9426934097421203,0.9626794258373207,0.9312581063553825,0.9323741007194244,0.9766839378238341,0.9608705718916417
BasePair Precision,1.0,0.9938650306748467,0.9910714285714286,0.9944598337950139,0.9858657243816255,1.0,0.9849056603773585,0.9928571428571429,0.9938837920489296,0.9777777777777777,0.9925925925925926
BasePair Recall,0.978978978978979,0.972972972972973,1.0,0.9944598337950139,0.9893617021276596,0.9851190476190477,0.9560439560439561,0.9455782312925171,0.975975975975976,0.9565217391304348,0.9774535809018567
BasePair F1,0.9893778452200305,0.9833080424886191,0.9955156950672646,0.9944598337950139,0.9876106194690265,0.9925037481259371,0.970260223048327,0.9686411149825784,0.9848484848484849,0.967032967032967,0.984964918142332
BaseStack Precision,0.967551622418879,0.9788519637462235,0.9846625766871165,0.977859778597786,0.9379310344827586,0.9771986970684039,0.9698492462311558,0.9503105590062112,0.9711538461538461,0.8571428571428571,0.9663261445327279
BaseStack Recall,0.984984984984985,0.972972972972973,0.963963963963964,0.9532374100719424,0.8947368421052632,0.9146341463414634,0.8853211009174312,0.918918918918919,0.9099099099099099,0.8478260869565217,0.9345042078302231
BaseStack F1,0.9761904761904762,0.9759036144578312,0.9742033383915023,0.9653916211293261,0.9158249158249158,0.9448818897637796,0.9256594724220624,0.934351145038168,0.9395348837209302,0.8524590163934426,0.9501488095238095
