,AA,AC,AG,AU,CC,CG,CU,GG,GU,UU,total_confusion_matrix
Neither Precision,0.9985573770491804,0.9996750503671931,0.9983155835687894,0.9989220265900107,1.0,0.9983649075327018,0.9996326905417815,0.9984681665868836,0.9988615664845173,0.9975538160469667,0.998852835136021
Neither Recall,0.95449417074088,0.954751412078704,0.9633494127516778,0.9736450398388933,0.9431818181818182,0.9591571420833107,0.9613210879547863,0.9418405129594509,0.9571636363636363,0.981468110709988,0.9584602396874793
Neither F1,0.9760287142674018,0.976696933138612,0.9805208666880136,0.9861215802775684,0.9707602339181286,0.9783683730695913,0.9801026379760512,0.9693280044613811,0.9775681497437421,0.9894455901977436,0.9782397513114435
BasePair Precision,0.8511904761904762,0.4376470588235294,0.7887323943661971,0.9595536959553695,0.384,0.8504728132387707,0.4479166666666667,0.3464285714285714,0.7286995515695067,0.8775510204081632,0.7424866200082338
BasePair Recall,0.959731543624161,0.9738219895287958,0.9901768172888016,0.9856733524355301,1.0,0.9842681258549931,0.9662921348314607,0.941747572815534,0.9789156626506024,0.9772727272727273,0.9820310372992105
BasePair F1,0.9022082018927444,0.6038961038961039,0.8780487804878049,0.9724381625441696,0.5549132947976879,0.9124920735573875,0.6120996441281139,0.5065274151436031,0.8354755784061697,0.9247311827956989,0.845621849724534
BaseStack Precision,0.337890625,0.2283464566929134,0.2617801047120419,0.24653739612188366,0.12861736334405144,0.18078175895765472,0.165,0.19652173913043477,0.18181818181818182,0.297029702970297,0.22105263157894736
BaseStack Recall,0.9664804469273743,1.0,0.8849557522123894,0.978021978021978,1.0,0.9327731092436975,0.9565217391304348,0.9112903225806451,0.9285714285714286,0.7692307692307693,0.9361888111888111
BaseStack F1,0.5007235890014472,0.3717948717948718,0.4040404040404041,0.3938053097345133,0.2279202279202279,0.30286493860845837,0.2814498933901919,0.3233190271816881,0.30409356725146197,0.4285714285714286,0.35765570212055436
