,AA,AC,AG,AU,CC,CG,CU,GG,GU,UU
--,"(1.0, 6)",,"(0.7777777777777778, 9)",,,"(1.0, 11)",,,"(1.0, 1)","(0.0, 1)"
c.W,"(0.0, 1)","(0.9230769230769231, 13)",,,,"(0.9473684210526315, 19)","(1.0, 7)","(1.0, 6)","(1.0, 2)",
cHH,"(1.0, 7)",,"(0.8333333333333334, 6)",,,,"(1.0, 6)","(0.8571428571428571, 7)",,
cHS,"(0.975609756097561, 41)","(0.9736842105263158, 38)","(1.0, 14)","(0.9333333333333333, 15)","(1.0, 19)","(1.0, 6)","(1.0, 18)","(1.0, 13)","(1.0, 65)","(0.8571428571428571, 7)"
cHW,"(1.0, 4)","(0.9444444444444444, 18)","(1.0, 28)","(0.9459459459459459, 37)","(0.9523809523809523, 21)","(0.8947368421052632, 19)","(0.9230769230769231, 13)","(1.0, 51)","(0.8666666666666667, 15)",
cSS,"(1.0, 11)","(0.9210526315789473, 38)","(0.9285714285714286, 28)","(0.9090909090909091, 22)",,"(0.9090909090909091, 11)",,"(1.0, 6)","(0.9629629629629629, 27)",
cSW,"(0.9743589743589743, 39)","(1.0, 38)","(1.0, 28)","(1.0, 36)","(1.0, 26)","(0.9285714285714286, 14)","(1.0, 11)","(1.0, 19)","(0.9583333333333334, 24)","(1.0, 6)"
cWW,"(1.0, 22)","(0.8947368421052632, 38)","(0.9642857142857143, 28)","(1.0, 39)","(1.0, 158)","(1.0, 151)","(0.9915966386554622, 119)","(0.9724770642201835, 109)","(1.0, 66)","(1.0, 97)"
t.H,"(1.0, 2)",,,"(1.0, 19)","(1.0, 9)",,"(1.0, 5)","(1.0, 2)",,
t.W,"(0.0, 1)","(1.0, 7)","(1.0, 28)","(1.0, 4)","(1.0, 6)","(0.625, 8)","(1.0, 26)","(0.75, 4)","(1.0, 14)","(0.6666666666666666, 3)"
tHH,"(0.9795918367346939, 49)","(0.9444444444444444, 18)","(1.0, 13)","(1.0, 12)",,"(1.0, 12)",,"(1.0, 6)","(1.0, 3)","(0.0, 1)"
tHS,"(1.0, 36)","(0.96875, 32)","(1.0, 29)","(1.0, 36)","(1.0, 11)","(0.2857142857142857, 7)","(0.9642857142857143, 28)","(0.75, 8)","(0.8095238095238095, 21)","(1.0, 3)"
tHW,"(0.9791666666666666, 48)","(1.0, 39)","(1.0, 21)","(0.972972972972973, 37)","(1.0, 15)","(1.0, 13)","(0.8888888888888888, 18)","(1.0, 26)","(0.9375, 16)","(1.0, 10)"
tSW,"(0.9444444444444444, 18)","(1.0, 38)","(1.0, 28)","(1.0, 36)","(0.5, 2)","(1.0, 32)","(1.0, 8)","(0.8, 5)","(0.9722222222222222, 36)","(1.0, 2)"
tWW,"(1.0, 48)","(1.0, 14)","(1.0, 11)","(1.0, 36)","(1.0, 12)","(1.0, 28)","(1.0, 7)",,"(0.9375, 32)","(1.0, 7)"
c.S,,"(1.0, 2)","(1.0, 1)","(1.0, 2)",,,,,,
c.H,,,"(0.6, 5)","(1.0, 1)","(1.0, 2)","(0.5, 2)","(1.0, 7)",,,
t.S,,,"(1.0, 28)",,,,,,"(1.0, 7)",
tSS,,,"(1.0, 28)","(1.0, 3)",,,,"(1.0, 31)","(1.0, 4)","(0.0, 1)"
