,AA,AC,AG,AU,CC,CG,CU,GG,GU,UU
True Precision_test_pdbs,0.8093525179856115,0.7090909090909091,0.6774475524475524,0.8913213448006255,0.6153846153846154,0.9567519858781994,0.6218487394957983,0.7310924369747899,0.8333333333333334,0.7361111111111112
True Recall_test_pdbs,0.8490566037735849,0.841726618705036,0.8727477477477478,0.946843853820598,0.7887323943661971,0.9601417183348095,0.6851851851851852,0.5878378378378378,0.9126365054602185,0.654320987654321
True F1_test_pdbs,0.8287292817679558,0.7697368421052632,0.7627952755905512,0.9182440596053162,0.691358024691358,0.9584438549955792,0.6519823788546255,0.651685393258427,0.8711839166046166,0.6928104575163399
True Support_test_pdbs,265.0,278.0,888.0,1204.0,71.0,2258.0,108.0,148.0,641.0,81.0
TP_test_pdbs,225.0,234.0,775.0,1140.0,56.0,2168.0,74.0,87.0,585.0,53.0
FP_test_pdbs,53.0,96.0,369.0,139.0,35.0,98.0,45.0,32.0,117.0,19.0
FN_test_pdbs,40.0,44.0,113.0,64.0,15.0,90.0,34.0,61.0,56.0,28.0
TN_test_pdbs,15155.0,27728.0,36829.0,22665.0,11712.0,32132.0,20293.0,22028.0,27454.0,8456.0
False Precision_test_pdbs,0.9973675551168147,0.9984156704594556,0.9969411509934492,0.997184213999736,0.9987209004860578,0.9972068772888089,0.9983273478624489,0.9972384444746254,0.9979643765903308,0.9966996699669967
False Recall_test_pdbs,0.9965149921094161,0.9965497412305923,0.9900801118339696,0.9939045781441852,0.997020515876394,0.9969593546385356,0.9977873930573311,0.9985494106980961,0.9957564107214102,0.9977581120943952
False F1_test_pdbs,0.9969410913396705,0.997481833225412,0.9934987860803884,0.9955416950343706,0.997869983811877,0.9970831006019983,0.9980572974302225,0.9978934970214501,0.9968591710390152,0.9972286101774869
False Support_test_pdbs,15208.0,27824.0,37198.0,22804.0,11747.0,32230.0,20338.0,22060.0,27571.0,8475.0
