,AA,AC,AG,AU,CC,CG,CU,GG,GU,UU
True Precision_test_pdbs,0.0,1.0,1.0,1.0,,0.8,1.0,0.0,0.6666666666666666,
True Recall_test_pdbs,,1.0,1.0,1.0,,1.0,1.0,,1.0,
True F1_test_pdbs,0.0,1.0,1.0,1.0,,0.8888888888888888,1.0,0.0,0.8,
True Support_test_pdbs,0.0,1.0,2.0,1.0,0.0,4.0,1.0,0.0,2.0,0.0
TP_test_pdbs,0.0,1.0,2.0,1.0,0.0,4.0,1.0,0.0,2.0,0.0
FP_test_pdbs,1.0,0.0,0.0,0.0,0.0,1.0,0.0,7.0,1.0,0.0
FN_test_pdbs,0.0,0.0,0.0,0.0,0.0,0.0,0.0,0.0,0.0,0.0
TN_test_pdbs,10.0,24.0,37.0,9.0,13.0,38.0,14.0,98.0,47.0,2.0
False Precision_test_pdbs,1.0,1.0,1.0,1.0,1.0,1.0,1.0,1.0,1.0,1.0
False Recall_test_pdbs,0.9090909090909091,1.0,1.0,1.0,1.0,0.9743589743589743,1.0,0.9333333333333333,0.9791666666666666,1.0
False F1_test_pdbs,0.9523809523809523,1.0,1.0,1.0,1.0,0.987012987012987,1.0,0.9655172413793104,0.9894736842105263,1.0
False Support_test_pdbs,11.0,24.0,37.0,9.0,13.0,39.0,14.0,105.0,48.0,2.0
