,AA,AC,AG,AU,CC,CG,CU,GG,GU,UU
True Precision_test_pdbs,0.6239316239316239,0.2831050228310502,0.6853832442067737,0.49659284497444633,0.2978723404255319,0.6999679795068844,0.29296875,0.07752545027407988,0.6759708737864077,0.75
True Recall_test_pdbs,0.8264150943396227,0.8920863309352518,0.865990990990991,0.96843853820598,0.5915492957746479,0.9681133746678476,0.6944444444444444,0.668918918918919,0.8689547581903276,0.7407407407407407
True F1_test_pdbs,0.711038961038961,0.42980935875216636,0.7651741293532338,0.6565315315315315,0.39622641509433965,0.8124883850585393,0.41208791208791207,0.13894736842105262,0.7604095563139932,0.7453416149068323
True Support_test_pdbs,265.0,278.0,888.0,1204.0,71.0,2258.0,108.0,148.0,641.0,81.0
TP_test_pdbs,219.0,248.0,769.0,1166.0,42.0,2186.0,75.0,99.0,557.0,60.0
FP_test_pdbs,132.0,628.0,353.0,1182.0,99.0,937.0,181.0,1178.0,267.0,20.0
FN_test_pdbs,46.0,30.0,119.0,38.0,29.0,72.0,33.0,49.0,84.0,21.0
TN_test_pdbs,15076.0,27196.0,36845.0,21622.0,11648.0,31293.0,20157.0,20882.0,27304.0,8455.0
False Precision_test_pdbs,0.9969580743287925,0.9988981120987291,0.9967806514446489,0.9982456140350877,0.9975164853986469,0.9977044476327116,0.9983655274888559,0.9976589747264822,0.9969329633416094,0.9975224162340727
False Recall_test_pdbs,0.9913203577064703,0.9774295572167913,0.9905102424861552,0.9481669882476759,0.9915723163360858,0.9709277071051815,0.991100403186154,0.9466001813236627,0.9903159116462951,0.9976401179941002
False F1_test_pdbs,0.994131223211342,0.988047229791099,0.9936355545966937,0.9725620726880173,0.994535519125683,0.9841339727966035,0.9947196999605211,0.9714591426112442,0.9936134209137721,0.997581263642263
False Support_test_pdbs,15208.0,27824.0,37198.0,22804.0,11747.0,32230.0,20338.0,22060.0,27571.0,8475.0
